email,gender,gender_preference,username,location,age
cwheeler0@paginegialle.it,Man,Women,Craig Wheeler,"""Kazakhstan, Moyynkum""",47
atorres1@biglobe.ne.jp,Woman,Men,Amanda Torres,"""Indonesia, Lanpelan""",49
lnguyen2@miitbeian.gov.cn,Man,Women,Lawrence Nguyen,"""China, Xintaimen""",25
kalexander3@globo.com,Woman,Women,Karen Alexander,"""Sweden, Kristinehamn""",18
rweaver4@independent.co.uk,Man,Women,Robert Weaver,"""Vietnam, Pleiku""",37
lknight5@symantec.com,Woman,Women,Lisa Knight,"""Guatemala, Puerto Barrios""",30
gmorgan6@cornell.edu,Man,Women,Gregory Morgan,"""Canada, Jonquière""",32
jhunter7@senate.gov,Woman,Men,Julie Hunter,"""Canada, Kirkland""",33
astephens8@google.com.br,Man,Women,Arthur Stephens,"""China, Youhua""",50
bgutierrez9@hubpages.com,Woman,Men,Betty Gutierrez,"""China, Dalai""",35
fgardnera@wikia.com,Woman,Women,Frances Gardner,"""France, Le Mans""",20
jpowellb@mail.ru,Woman,Men,Judith Powell,"""Kazakhstan, Turar Ryskulov""",54
lduncanc@bloomberg.com,Woman,Women,Lori Duncan,"""Vietnam, Thị Trấn Na Sầm""",36
rsimsd@de.vu,Man,Men,Raymond Sims,"""Japan, Tochio-honchō""",51
jhamiltone@blogspot.com,Man,Women,Jose Hamilton,"""Canada, Catalina""",20
radamsf@huffingtonpost.com,Man,Men,Roger Adams,"""Philippines, Mapaniqui""",21
jlawrenceg@wordpress.com,Man,Women,Jonathan Lawrence,"""Ecuador, Santo Domingo de los Colorados""",26
lspencerh@newsvine.com,Woman,Women,Lori Spencer,"""Dominican Republic, Villa Bisonó""",22
lmarshalli@un.org,Woman,Men,Laura Marshall,"""Russia, Parfino""",26
rstephensj@behance.net,Woman,Women,Rose Stephens,"""China, Hexi""",25
swalkerk@sina.com.cn,Man,Men,Stephen Walker,"""Indonesia, Nglorogan""",22
ecooperl@un.org,Man,Men,Edward Cooper,"""Peru, Charat""",28
bromerom@nature.com,Man,Women,Brandon Romero,"""Sweden, Herrljunga""",28
cfullern@senate.gov,Man,Men,Carlos Fuller,"""China, Bazhu""",25
pgreeno@answers.com,Man,Men,Peter Green,"""Sweden, Umeå""",44
lkennedyp@google.cn,Woman,Men,Lillian Kennedy,"""Ukraine, Barvinkove""",23
sfreemanq@sphinn.com,Man,Men,Sean Freeman,"""Azerbaijan, Samur""",19
apayner@flavors.me,Man,Men,Albert Payne,"""China, Qianjin""",36
smccoys@cloudflare.com,Man,Women,Shawn Mccoy,"""Portugal, Castanheira de Pêra""",51
ksullivant@blogtalkradio.com,Man,Women,Kenneth Sullivan,"""Peru, Cachimayo""",34
kwagneru@feedburner.com,Man,Women,Kenneth Wagner,"""Argentina, Laguna Paiva""",27
rstevensv@mediafire.com,Woman,Men,Ruby Stevens,"""France, Épinal""",23
jberryw@china.com.cn,Man,Men,John Berry,"""China, Wangchuanchang""",54
caustinx@discovery.com,Man,Men,Carl Austin,"""Portugal, Tarouca""",41
asandersy@drupal.org,Man,Women,Arthur Sanders,"""Russia, Chishmy""",54
mbishopz@fotki.com,Woman,Women,Margaret Bishop,"""China, Houjie""",39
jtaylor10@google.pl,Man,Women,Jimmy Taylor,"""Indonesia, Gatak""",43
ksanders11@paginegialle.it,Man,Women,Kevin Sanders,"""Poland, Goczałkowice Zdrój""",45
kcruz12@alexa.com,Man,Women,Kenneth Cruz,"""Sweden, Dalsjöfors""",22
pfernandez13@w3.org,Man,Women,Patrick Fernandez,"""Ukraine, Iza""",19
mhoward14@stumbleupon.com,Woman,Men,Margaret Howard,"""China, Shijiao""",18
tporter15@adobe.com,Man,Men,Thomas Porter,"""Nigeria, Batsari""",48
krogers16@ihg.com,Man,Women,Keith Rogers,"""Poland, Huta Stara B""",24
schavez17@zdnet.com,Woman,Men,Shirley Chavez,"""Macedonia, Радовиш""",29
sbailey18@oracle.com,Man,Women,Scott Bailey,"""Brazil, Ribeirão Pires""",44
rmendoza19@pen.io,Woman,Men,Ruby Mendoza,"""Honduras, Silca""",26
jcollins1a@arstechnica.com,Man,Women,Jesse Collins,"""Uganda, Bukedea""",47
jalexander1b@newyorker.com,Man,Women,James Alexander,"""Philippines, Quilo-quilo""",18
kreed1c@freewebs.com,Man,Men,Kevin Reed,"""France, Saint-Maixent-l'École""",55
jpeters1d@aboutads.info,Woman,Men,Julie Peters,"""Colombia, Morales""",29
cwoods1e@un.org,Woman,Men,Christine Woods,"""Malaysia, Kuching""",27
kramirez1f@nsw.gov.au,Woman,Men,Kathryn Ramirez,"""China, Weiyang""",38
vwillis1g@nps.gov,Man,Men,Victor Willis,"""Indonesia, Krajan C Wonorejo""",42
malexander1h@gravatar.com,Man,Men,Mark Alexander,"""Armenia, Spitak""",46
achavez1i@fema.gov,Woman,Men,Anna Chavez,"""Poland, Brok""",47
jwagner1j@psu.edu,Woman,Men,Judith Wagner,"""Russia, Seversk""",44
emeyer1k@si.edu,Man,Women,Eugene Meyer,"""Macedonia, Negotino""",45
bfreeman1l@merriam-webster.com,Man,Women,Brandon Freeman,"""Brazil, Tobias Barreto""",41
mowens1m@google.ru,Woman,Men,Melissa Owens,"""Sweden, Stockholm""",22
epeters1n@pbs.org,Man,Women,Edward Peters,"""China, Zhaxirabdain""",45
rtaylor1o@4shared.com,Man,Men,Ralph Taylor,"""Russia, Udobnaya""",35
jbrown1p@bigcartel.com,Man,Men,Jonathan Brown,"""United States, Philadelphia""",53
tprice1q@oracle.com,Woman,Women,Theresa Price,"""Philippines, Naga""",18
mhicks1r@howstuffworks.com,Woman,Men,Mildred Hicks,"""Ukraine, Strohonivka""",19
jbrown1s@imgur.com,Woman,Women,Janet Brown,"""Bulgaria, Byala""",32
swest1t@ibm.com,Woman,Men,Shirley West,"""South Africa, Centurion""",36
lross1u@macromedia.com,Man,Women,Louis Ross,"""China, Fazhan""",18
mkelley1v@dedecms.com,Woman,Women,Michelle Kelley,"""China, Hongyang""",25
dmorgan1w@last.fm,Man,Women,Donald Morgan,"""Indonesia, Saniwonorejo""",37
bturner1x@gmpg.org,Woman,Men,Barbara Turner,"""Zimbabwe, Mashava""",35
plewis1y@clickbank.net,Man,Women,Philip Lewis,"""Albania, Hot""",37
ksnyder1z@rambler.ru,Woman,Women,Kathy Snyder,"""France, Neuilly-sur-Seine""",44
skelly20@miibeian.gov.cn,Man,Women,Sean Kelly,"""Indonesia, Ciganaria""",20
amartinez21@time.com,Woman,Men,Amanda Martinez,"""Brazil, Presidente Prudente""",51
espencer22@hibu.com,Woman,Women,Elizabeth Spencer,"""Brazil, Jaguaribe""",47
dmitchell23@ning.com,Man,Women,Dennis Mitchell,"""Russia, Khvorostyanka""",41
mgonzalez24@feedburner.com,Woman,Women,Marilyn Gonzalez,"""Japan, Nagaoka""",33
mfisher25@edublogs.org,Woman,Men,Marilyn Fisher,"""Argentina, La Poma""",47
jgreen26@skype.com,Woman,Men,Jennifer Green,"""Brazil, São João dos Inhamuns""",31
ebrown27@discuz.net,Man,Women,Ernest Brown,"""China, Yafan""",35
cgibson28@123-reg.co.uk,Woman,Women,Carol Gibson,"""Greece, Grammatikó""",28
swilliams29@blogs.com,Man,Men,Stephen Williams,"""Mexico, Buenavista""",35
sgraham2a@free.fr,Man,Men,Sean Graham,"""France, Bergerac""",32
jgardner2b@samsung.com,Man,Women,Juan Gardner,"""Chile, Freire""",51
tsimpson2c@unc.edu,Woman,Women,Theresa Simpson,"""China, Xigebi""",23
wschmidt2d@mashable.com,Woman,Women,Wanda Schmidt,"""Tunisia, Al Metlaoui""",29
rstone2e@webs.com,Woman,Women,Ruby Stone,"""Libya, Ghāt""",24
jlawson2f@reference.com,Woman,Men,Jacqueline Lawson,"""China, Qinggis Han""",49
mmoore2g@marketwatch.com,Woman,Women,Mary Moore,"""Philippines, Malita""",49
criley2h@simplemachines.org,Woman,Men,Carol Riley,"""United States, Austin""",33
rmason2i@google.com.hk,Man,Men,Roy Mason,"""Philippines, Tubod""",22
phall2j@gmpg.org,Man,Men,Philip Hall,"""Brazil, Peruíbe""",48
arice2k@ocn.ne.jp,Man,Women,Antonio Rice,"""China, Laojunpo""",27
wpeterson2l@nationalgeographic.com,Man,Men,William Peterson,"""Ukraine, Kalanchak""",36
dchavez2m@tmall.com,Woman,Men,Diane Chavez,"""Sri Lanka, Wattala""",25
fknight2n@1und1.de,Man,Men,Frank Knight,"""China, Shangde""",27
jwelch2o@elpais.com,Woman,Women,Julie Welch,"""Indonesia, Hokor""",51
lellis2p@businessweek.com,Woman,Women,Lois Ellis,"""Mexico, Independencia""",40
raustin2q@lycos.com,Man,Men,Russell Austin,"""Portugal, Sentieiras""",44
tsimpson2r@nydailynews.com,Woman,Men,Tina Simpson,"""Indonesia, Pule""",35
egreene2s@admin.ch,Man,Women,Eugene Greene,"""Philippines, Taluksangay""",22
kbennett2t@stumbleupon.com,Woman,Men,Kathy Bennett,"""Kiribati, Temaiku Village""",37
mmyers2u@cbslocal.com,Woman,Women,Mildred Myers,"""Russia, Choya""",32
koliver2v@omniture.com,Woman,Women,Kelly Oliver,"""Sweden, Värnamo""",40
kstewart2w@sciencedirect.com,Woman,Men,Karen Stewart,"""China, Xitou""",53
amoreno2x@uiuc.edu,Woman,Women,Annie Moreno,"""Greece, Marathókampos""",42
jphillips2y@nih.gov,Woman,Men,Judith Phillips,"""Poland, Gardawice""",28
mbryant2z@blogspot.com,Woman,Women,Mildred Bryant,"""Honduras, Mojimán""",35
jmedina30@hugedomains.com,Man,Women,Johnny Medina,"""South Africa, Senekal""",34
nramos31@java.com,Woman,Men,Nancy Ramos,"""Finland, Pargas""",31
swagner32@businesswire.com,Woman,Men,Sarah Wagner,"""Ukraine, Tomakivka""",51
cromero33@smugmug.com,Man,Women,Craig Romero,"""Portugal, Miragaia""",32
cbryant34@vk.com,Man,Women,Chris Bryant,"""Peru, Tingo María""",46
jjenkins35@google.com.au,Woman,Men,Janice Jenkins,"""Thailand, Si Racha""",28
nthompson36@flickr.com,Woman,Men,Nicole Thompson,"""Poland, Ząbkowice Śląskie""",26
hbarnes37@phpbb.com,Man,Women,Harold Barnes,"""Portugal, Urrô""",47
jhicks38@gizmodo.com,Woman,Men,Julia Hicks,"""China, Huanggexi""",18
rpowell39@deliciousdays.com,Woman,Men,Ruth Powell,"""Russia, Pokrovskoye""",19
rortiz3a@businessinsider.com,Woman,Women,Rachel Ortiz,"""China, Qiansuo""",28
jedwards3b@businessweek.com,Man,Men,Jeremy Edwards,"""Indonesia, Banjar Medura""",39
rhansen3c@ycombinator.com,Man,Women,Ronald Hansen,"""South Korea, Su-dong""",48
cthomas3d@tuttocitta.it,Man,Women,Clarence Thomas,"""Gabon, Ndjolé""",52
pwagner3e@gnu.org,Woman,Women,Pamela Wagner,"""Philippines, Nampicuan""",25
dcastillo3f@cpanel.net,Woman,Women,Doris Castillo,"""China, Yangpu""",38
hstewart3g@hatena.ne.jp,Woman,Women,Helen Stewart,"""China, Xianren""",45
mweaver3h@accuweather.com,Man,Women,Michael Weaver,"""Canada, Brampton""",36
sdavis3i@businessweek.com,Woman,Women,Sandra Davis,"""China, Heishui""",35
wrice3j@hao123.com,Man,Men,Wayne Rice,"""Germany, Köln""",33
hwarren3k@domainmarket.com,Woman,Men,Helen Warren,"""Argentina, El Galpón""",28
sreed3l@free.fr,Woman,Men,Stephanie Reed,"""Pakistan, Quetta""",55
shamilton3m@dyndns.org,Man,Men,Sean Hamilton,"""Philippines, Balabagan""",46
jdean3n@hexun.com,Man,Women,Jeffrey Dean,"""Nigeria, Iperu""",55
kross3o@edublogs.org,Man,Women,Kenneth Ross,"""Serbia, Bor""",48
dfox3p@wordpress.com,Man,Women,David Fox,"""Ghana, Tafo""",46
tcastillo3q@sitemeter.com,Man,Women,Timothy Castillo,"""Cambodia, Sihanoukville""",22
rkim3r@symantec.com,Man,Women,Richard Kim,"""Mexico, Emiliano Zapata""",54
edixon3s@ezinearticles.com,Man,Women,Ernest Dixon,"""Paraguay, Santa Rita""",21
jdean3t@ted.com,Man,Men,Juan Dean,"""Afghanistan, Būrkah""",51
mmyers3u@time.com,Woman,Men,Mary Myers,"""Norway, Bergen""",55
svasquez3v@themeforest.net,Woman,Men,Sara Vasquez,"""Colombia, Ríohacha""",54
jpayne3w@youtube.com,Woman,Women,Joyce Payne,"""Uganda, Budaka""",30
fhicks3x@mozilla.org,Man,Women,Fred Hicks,"""Russia, Nurlat""",34
lgonzales3y@yolasite.com,Man,Men,Lawrence Gonzales,"""Ukraine, Marshintsy""",55
tbanks3z@comcast.net,Man,Men,Terry Banks,"""Poland, Czerniejewo""",24
hlewis40@si.edu,Woman,Women,Helen Lewis,"""China, Yujin""",22
fmeyer41@indiegogo.com,Man,Women,Frank Meyer,"""Russia, Skuratovskiy""",26
cmorris42@1und1.de,Man,Women,Carl Morris,"""Lithuania, Žagarė""",33
jgonzales43@wsj.com,Man,Men,Justin Gonzales,"""Philippines, Barayong""",38
rfreeman44@cam.ac.uk,Woman,Women,Rebecca Freeman,"""South Africa, Mokopane""",19
